{"version": 2, "width": 80, "height": 25, "timestamp": 1528314165, "env": {"SHELL": "/usr/bin/zsh", "TERM": "rxvt-256color"}}
[0.136497, "o", "\u001b[1m\u001b[7m%\u001b[27m\u001b[1m\u001b[0m                                                                               \r \r\u001b]0;x:~\u0007"]
[0.13726, "o", "\u001b]2;e@x: ~\u0007\u001b]1;~\u0007"]
[0.142542, "o", "\r\u001b[0m\u001b[27m\u001b[24m\u001b[J\u001b[01;32m➜  \u001b[36m~\u001b[00m \u001b[K"]
[0.142683, "o", "\u001b=\u001b[?2004h"]
[4.651566, "o", "e"]
[4.757251, "o", "\bec"]
[4.869901, "o", "h"]
[4.951162, "o", "o"]
[5.145965, "o", " "]
[6.124191, "o", "a"]
[6.270256, "o", "s"]
[6.488713, "o", "c"]
[6.591393, "o", "i"]
[6.731061, "o", "i"]
[6.856057, "o", "n"]
[6.963926, "o", "e"]
[7.080698, "o", "m"]
[7.199713, "o", "a"]
[7.35956, "o", " "]
[7.617609, "o", "t"]
[7.887628, "o", "e"]
[8.208738, "o", "s"]
[8.433694, "o", "z"]
[8.754177, "o", "t"]
[8.897235, "o", "\u001b>"]
[8.898034, "o", "\u001b[?2004l\r\r\n"]
[8.900271, "o", "\u001b]0;echo asciinema teszt\u0007"]
[8.900732, "o", "\u001b]2;echo asciinema teszt\u0007"]
[8.900864, "o", "\u001b]1;echo\u0007asciinema teszt\r\n\u001b[1m\u001b[7m%\u001b[27m\u001b[1m\u001b[0m                                                                               \r \r"]
[8.901171, "o", "\u001b]0;x:~\u0007\u001b]2;e@x: ~\u0007"]
[8.901258, "o", "\u001b]1;~\u0007"]
[8.910506, "o", "\r\u001b[0m\u001b[27m\u001b[24m\u001b[J\u001b[01;32m➜  \u001b[36m~\u001b[00m \u001b[K"]
[8.910645, "o", "\u001b=\u001b[?2004h"]
[9.17819, "o", "d"]
[9.564534, "o", "\bda"]
[9.925741, "o", "t"]
[10.075294, "o", "e"]
[10.213879, "o", "\u001b>"]
[10.21427, "o", "\u001b[?2004l\r\r\n"]
[10.215964, "o", "\u001b]0;date\u0007"]
[10.216723, "o", "\u001b]2;date\u0007\u001b]1;date\u0007"]
[10.220664, "o", "Wed Jun  6 21:42:55 CEST 2018\r\n"]
[10.221418, "o", "\u001b[1m\u001b[7m%\u001b[27m\u001b[1m\u001b[0m                                                                               \r \r\u001b]0;x:~\u0007\u001b]2;e@x: ~\u0007\u001b]1;~\u0007"]
[10.230026, "o", "\r\u001b[0m\u001b[27m\u001b[24m\u001b[J\u001b[01;32m➜  \u001b[36m~\u001b[00m \u001b[K"]
[10.230189, "o", "\u001b=\u001b[?2004h"]
[10.670864, "o", "e"]
[10.762896, "o", "\bex"]
[10.875407, "o", "i"]
[11.039546, "o", "t"]
[11.30684, "o", "\u001b>"]
[11.30724, "o", "\u001b[?2004l\r\r\n"]
[11.30823, "o", "\u001b]0;exit\u0007"]
[11.308846, "o", "\u001b]2;exit\u0007\u001b]1;exit\u0007"]
